{
  "train_loss": [
    8.898527097702026,
    9.090610980987549,
    9.06000804901123,
    8.914635181427002,
    8.965782006581625,
    9.073903942108155,
    9.048162746429444,
    8.95957056681315,
    9.16336857477824,
    8.98518835703532,
    9.333397102355956,
    8.932835976282755,
    9.171667496363321,
    8.875456953048706,
    8.985911766688028,
    9.033903455734253
  ],
  "train_acc": [
    0.022916666666666665,
    0.01875,
    0.020833333333333332,
    0.020833333333333332,
    0.020833333333333332,
    0.020833333333333332,
    0.01875,
    0.016666666666666666,
    0.014583333333333334,
    0.014583333333333334,
    0.0125,
    0.029166666666666667,
    0.027083333333333334,
    0.016666666666666666,
    0.01875,
    0.025
  ],
  "val_loss": [
    6.935410594940185,
    6.907260704040527,
    6.9172126452128095,
    6.97935053507487,
    6.918326377868652,
    6.9026521364847815,
    6.937537097930909,
    6.924325656890869,
    6.889459133148193,
    6.931684939066569,
    6.894581127166748,
    6.945689678192139,
    6.904464244842529,
    6.898781267801921,
    6.870070457458496,
    6.919636090596517
  ],
  "val_acc": [
    0.03333333333333333,
    0.03333333333333333,
    0.03333333333333333,
    0.03333333333333333,
    0.03333333333333333,
    0.03333333333333333,
    0.03333333333333333,
    0.03333333333333333,
    0.03333333333333333,
    0.03333333333333333,
    0.03333333333333333,
    0.03333333333333333,
    0.03333333333333333,
    0.03333333333333333,
    0.03333333333333333,
    0.03333333333333333
  ],
  "learning_rate": [
    0.0003147806078202882,
    0.00035766598883090546,
    0.0004244303297122411,
    0.0005084948468713147,
    0.0006015760425765917,
    0.0006945019391669843,
    0.0007781158617501505,
    0.0008441787130059723,
    0.0008861808322951007,
    0.0008999997055365274,
    0.0008997170512505813,
    0.0008989047612007148,
    0.00089756382503723,
    0.0008956958764842865,
    0.0008933031913494607,
    0.0008903886847510249
  ]
}